{
  "version": 1,
  "author": "Varshini Ganesh",
  "editor": "wokwi",
  "parts": [
    { "type": "board-esp32-devkit-c-v4", "id": "esp", "top": -48, "left": 4.84, "attrs": {} },
    { "type": "wokwi-potentiometer", "id": "pot1", "top": -58.9, "left": -182.6, "attrs": {} },
    { "type": "wokwi-potentiometer", "id": "pot2", "top": 190.7, "left": 201.4, "attrs": {} },
    { "type": "wokwi-potentiometer", "id": "pot3", "top": 190.7, "left": -173, "attrs": {} },
    { "type": "wokwi-potentiometer", "id": "pot4", "top": -116.5, "left": 201.4, "attrs": {} },
    { "type": "wokwi-led", "id": "led1", "top": 226.8, "left": 90.2, "attrs": { "color": "red" } },
    {
      "type": "wokwi-led",
      "id": "led2",
      "top": 226.8,
      "left": 42.2,
      "attrs": { "color": "yellow" }
    },
    {
      "type": "wokwi-buzzer",
      "id": "bz1",
      "top": 213.6,
      "left": -65.4,
      "attrs": { "volume": "0.1" }
    }
  ],
  "connections": [
    [ "esp:TX", "$serialMonitor:RX", "", [] ],
    [ "esp:RX", "$serialMonitor:TX", "", [] ],
    [ "pot1:GND", "esp:GND.1", "black", [ "v0" ] ],
    [ "pot3:GND", "esp:GND.1", "black", [ "v0" ] ],
    [ "pot2:GND", "esp:GND.2", "black", [ "v0" ] ],
    [ "pot4:GND", "esp:GND.2", "black", [ "v0" ] ],
    [ "bz1:1", "esp:GND.1", "black", [ "v0" ] ],
    [ "led2:C", "esp:GND.1", "black", [ "v0" ] ],
    [ "led1:C", "esp:GND.2", "black", [ "v-48", "h67.6", "v-259.2", "h-67.2" ] ],
    [ "pot1:VCC", "esp:3V3", "red", [ "v0" ] ],
    [ "pot3:VCC", "esp:3V3", "red", [ "v-211.2", "h104.8", "v-67.2", "h28.8" ] ],
    [ "pot2:VCC", "esp:3V3", "red", [ "v0" ] ],
    [ "pot4:VCC", "esp:3V3", "red", [ "v-28.8", "h-240.8", "v48" ] ],
    [ "pot1:SIG", "esp:33", "green", [ "v0" ] ],
    [ "pot3:SIG", "esp:34", "green", [ "v0" ] ],
    [ "pot2:SIG", "esp:35", "green", [ "v0" ] ],
    [ "pot4:SIG", "esp:32", "green", [ "v0" ] ],
    [ "led1:A", "esp:2", "blue", [ "v0" ] ],
    [ "led2:A", "esp:16", "blue", [ "v0" ] ],
    [ "bz1:2", "esp:4", "blue", [ "v0" ] ]
  ],
  "dependencies": {}
}